<metadata xml:lang="cs"><Esri><CreaDate>20150702</CreaDate><CreaTime>13490700</CreaTime><ArcGISFormat>1.0</ArcGISFormat><SyncOnce>FALSE</SyncOnce><DataProperties><lineage><Process ToolSource="c:\program files (x86)\arcgis\desktop10.5\ArcToolbox\Toolboxes\Data Management Tools.tbx\CalculateField" Date="20180306" Time="123129">CalculateField "Obce - polygony" hustota_zalidneni "[POCET_OBYV] / [SHAPE_Area]" VB #</Process><Process ToolSource="c:\program files (x86)\arcgis\desktop10.5\ArcToolbox\Toolboxes\Data Management Tools.tbx\CalculateField" Date="20180306" Time="123327">CalculateField "Obce - polygony" hustota_zalidneni "([POCET_OBYV] / [SHAPE_Area]) *10000" VB #</Process><Process ToolSource="c:\program files (x86)\arcgis\desktop10.5\ArcToolbox\Toolboxes\Data Management Tools.tbx\CalculateField" Date="20180306" Time="123401">CalculateField "Obce - polygony" hustota_zalidneni "([POCET_OBYV] / [SHAPE_Area]) " VB #</Process><Process ToolSource="c:\program files\arcgis\pro\Resources\ArcToolbox\toolboxes\Conversion Tools.tbx\ExportFeatures" Date="20240321" Time="092341">ExportFeatures "Obce - polygony" C:\Moje\MR_Balkan\MR_Balkan.gdb\Obcepolygony_stred_kraj # NOT_USE_ALIAS "KOD_OBEC "KOD_OBEC" true true false 6 Text 0 0,First,#,Obce - polygony,KOD_OBEC,0,5;NAZ_OBEC "NAZ_OBEC" true true false 40 Text 0 0,First,#,Obce - polygony,NAZ_OBEC,0,39;KOD_ZUJ "KOD_ZUJ" true true false 6 Text 0 0,First,#,Obce - polygony,KOD_ZUJ,0,5;NAZ_ZUJ "NAZ_ZUJ" true true false 40 Text 0 0,First,#,Obce - polygony,NAZ_ZUJ,0,39;KOD_POU "KOD_POU" true true false 5 Text 0 0,First,#,Obce - polygony,KOD_POU,0,4;NAZ_POU "NAZ_POU" true true false 255 Text 0 0,First,#,Obce - polygony,NAZ_POU,0,254;KOD_ORP "KOD_ORP" true true false 4 Text 0 0,First,#,Obce - polygony,KOD_ORP,0,3;NAZ_ORP "NAZ_ORP" true true false 255 Text 0 0,First,#,Obce - polygony,NAZ_ORP,0,254;KOD_OKRES "KOD_OKRES" true true false 5 Text 0 0,First,#,Obce - polygony,KOD_OKRES,0,4;KOD_LAU1 "KOD_LAU1" true true false 6 Text 0 0,First,#,Obce - polygony,KOD_LAU1,0,5;NAZ_LAU1 "NAZ_LAU1" true true false 40 Text 0 0,First,#,Obce - polygony,NAZ_LAU1,0,39;KOD_KRAJ "KOD_KRAJ" true true false 4 Text 0 0,First,#,Obce - polygony,KOD_KRAJ,0,3;KOD_CZNUTS3 "KOD_CZNUTS3" true true false 6 Text 0 0,First,#,Obce - polygony,KOD_CZNUTS3,0,5;NAZ_CZNUTS3 "NAZ_CZNUTS3" true true false 40 Text 0 0,First,#,Obce - polygony,NAZ_CZNUTS3,0,39;SNATKY "SNATKY" true true false 8 Double 0 0,First,#,Obce - polygony,SNATKY,-1,-1;ROZVODY "ROZVODY" true true false 8 Double 0 0,First,#,Obce - polygony,ROZVODY,-1,-1;NAROZENI "NAROZENI" true true false 8 Double 0 0,First,#,Obce - polygony,NAROZENI,-1,-1;ZEMRELI "ZEMRELI" true true false 8 Double 0 0,First,#,Obce - polygony,ZEMRELI,-1,-1;PRISTEHOVALI "PRISTEHOVALI" true true false 8 Double 0 0,First,#,Obce - polygony,PRISTEHOVALI,-1,-1;VYSTEHOVALI "VYSTEHOVALI" true true false 8 Double 0 0,First,#,Obce - polygony,VYSTEHOVALI,-1,-1;POCET_OBYV "POCET_OBYV" true true false 8 Double 0 0,First,#,Obce - polygony,POCET_OBYV,-1,-1;MUZI "MUZI" true true false 8 Double 0 0,First,#,Obce - polygony,MUZI,-1,-1;ZENY "ZENY" true true false 8 Double 0 0,First,#,Obce - polygony,ZENY,-1,-1;OBYV_0_14 "OBYV_0_14" true true false 8 Double 0 0,First,#,Obce - polygony,OBYV_0_14,-1,-1;MUZI_0_14 "MUZI_0_14" true true false 8 Double 0 0,First,#,Obce - polygony,MUZI_0_14,-1,-1;ZENY_0_14 "ZENY_0_14" true true false 8 Double 0 0,First,#,Obce - polygony,ZENY_0_14,-1,-1;OBYV_15_64 "OBYV_15_64" true true false 8 Double 0 0,First,#,Obce - polygony,OBYV_15_64,-1,-1;MUZI_15_64 "MUZI_15_64" true true false 8 Double 0 0,First,#,Obce - polygony,MUZI_15_64,-1,-1;ZENY_15_64 "ZENY_15_64" true true false 8 Double 0 0,First,#,Obce - polygony,ZENY_15_64,-1,-1;OBYV_65 "OBYV_65" true true false 8 Double 0 0,First,#,Obce - polygony,OBYV_65,-1,-1;MUZI_65 "MUZI_65" true true false 8 Double 0 0,First,#,Obce - polygony,MUZI_65,-1,-1;ZENY_65 "ZENY_65" true true false 8 Double 0 0,First,#,Obce - polygony,ZENY_65,-1,-1;MIRA_NEZAM "MIRA_NEZAM" true true false 8 Double 0 0,First,#,Obce - polygony,MIRA_NEZAM,-1,-1;SX "SX" true true false 8 Double 0 0,First,#,Obce - polygony,SX,-1,-1;SY "SY" true true false 8 Double 0 0,First,#,Obce - polygony,SY,-1,-1;SHAPE_Length "SHAPE_Length" false true true 8 Double 0 0,First,#,Obce - polygony,SHAPE_Length,-1,-1;SHAPE_Area "SHAPE_Area" false true true 8 Double 0 0,First,#,Obce - polygony,SHAPE_Area,-1,-1;hustota_zalidneni "hustota_zalidneni" true true false 8 Double 0 0,First,#,Obce - polygony,hustota_zalidneni,-1,-1" #</Process><Process ToolSource="c:\program files\arcgis\pro\Resources\ArcToolbox\toolboxes\Conversion Tools.tbx\ExportFeatures" Date="20240321" Time="093143">ExportFeatures Obcepolygony_stred_kraj C:\Moje\MR_Balkan\MR_Balkan.gdb\Obcepolygony_stred_kraj_nejlidnatejsi # NOT_USE_ALIAS "KOD_OBEC "KOD_OBEC" true true false 6 Text 0 0,First,#,Obcepolygony_stred_kraj,KOD_OBEC,0,5;NAZ_OBEC "NAZ_OBEC" true true false 40 Text 0 0,First,#,Obcepolygony_stred_kraj,NAZ_OBEC,0,39;KOD_ZUJ "KOD_ZUJ" true true false 6 Text 0 0,First,#,Obcepolygony_stred_kraj,KOD_ZUJ,0,5;NAZ_ZUJ "NAZ_ZUJ" true true false 40 Text 0 0,First,#,Obcepolygony_stred_kraj,NAZ_ZUJ,0,39;KOD_POU "KOD_POU" true true false 5 Text 0 0,First,#,Obcepolygony_stred_kraj,KOD_POU,0,4;NAZ_POU "NAZ_POU" true true false 255 Text 0 0,First,#,Obcepolygony_stred_kraj,NAZ_POU,0,254;KOD_ORP "KOD_ORP" true true false 4 Text 0 0,First,#,Obcepolygony_stred_kraj,KOD_ORP,0,3;NAZ_ORP "NAZ_ORP" true true false 255 Text 0 0,First,#,Obcepolygony_stred_kraj,NAZ_ORP,0,254;KOD_OKRES "KOD_OKRES" true true false 5 Text 0 0,First,#,Obcepolygony_stred_kraj,KOD_OKRES,0,4;KOD_LAU1 "KOD_LAU1" true true false 6 Text 0 0,First,#,Obcepolygony_stred_kraj,KOD_LAU1,0,5;NAZ_LAU1 "NAZ_LAU1" true true false 40 Text 0 0,First,#,Obcepolygony_stred_kraj,NAZ_LAU1,0,39;KOD_KRAJ "KOD_KRAJ" true true false 4 Text 0 0,First,#,Obcepolygony_stred_kraj,KOD_KRAJ,0,3;KOD_CZNUTS3 "KOD_CZNUTS3" true true false 6 Text 0 0,First,#,Obcepolygony_stred_kraj,KOD_CZNUTS3,0,5;NAZ_CZNUTS3 "NAZ_CZNUTS3" true true false 40 Text 0 0,First,#,Obcepolygony_stred_kraj,NAZ_CZNUTS3,0,39;SNATKY "SNATKY" true true false 8 Double 0 0,First,#,Obcepolygony_stred_kraj,SNATKY,-1,-1;ROZVODY "ROZVODY" true true false 8 Double 0 0,First,#,Obcepolygony_stred_kraj,ROZVODY,-1,-1;NAROZENI "NAROZENI" true true false 8 Double 0 0,First,#,Obcepolygony_stred_kraj,NAROZENI,-1,-1;ZEMRELI "ZEMRELI" true true false 8 Double 0 0,First,#,Obcepolygony_stred_kraj,ZEMRELI,-1,-1;PRISTEHOVALI "PRISTEHOVALI" true true false 8 Double 0 0,First,#,Obcepolygony_stred_kraj,PRISTEHOVALI,-1,-1;VYSTEHOVALI "VYSTEHOVALI" true true false 8 Double 0 0,First,#,Obcepolygony_stred_kraj,VYSTEHOVALI,-1,-1;POCET_OBYV "POCET_OBYV" true true false 8 Double 0 0,First,#,Obcepolygony_stred_kraj,POCET_OBYV,-1,-1;MUZI "MUZI" true true false 8 Double 0 0,First,#,Obcepolygony_stred_kraj,MUZI,-1,-1;ZENY "ZENY" true true false 8 Double 0 0,First,#,Obcepolygony_stred_kraj,ZENY,-1,-1;OBYV_0_14 "OBYV_0_14" true true false 8 Double 0 0,First,#,Obcepolygony_stred_kraj,OBYV_0_14,-1,-1;MUZI_0_14 "MUZI_0_14" true true false 8 Double 0 0,First,#,Obcepolygony_stred_kraj,MUZI_0_14,-1,-1;ZENY_0_14 "ZENY_0_14" true true false 8 Double 0 0,First,#,Obcepolygony_stred_kraj,ZENY_0_14,-1,-1;OBYV_15_64 "OBYV_15_64" true true false 8 Double 0 0,First,#,Obcepolygony_stred_kraj,OBYV_15_64,-1,-1;MUZI_15_64 "MUZI_15_64" true true false 8 Double 0 0,First,#,Obcepolygony_stred_kraj,MUZI_15_64,-1,-1;ZENY_15_64 "ZENY_15_64" true true false 8 Double 0 0,First,#,Obcepolygony_stred_kraj,ZENY_15_64,-1,-1;OBYV_65 "OBYV_65" true true false 8 Double 0 0,First,#,Obcepolygony_stred_kraj,OBYV_65,-1,-1;MUZI_65 "MUZI_65" true true false 8 Double 0 0,First,#,Obcepolygony_stred_kraj,MUZI_65,-1,-1;ZENY_65 "ZENY_65" true true false 8 Double 0 0,First,#,Obcepolygony_stred_kraj,ZENY_65,-1,-1;MIRA_NEZAM "MIRA_NEZAM" true true false 8 Double 0 0,First,#,Obcepolygony_stred_kraj,MIRA_NEZAM,-1,-1;SX "SX" true true false 8 Double 0 0,First,#,Obcepolygony_stred_kraj,SX,-1,-1;SY "SY" true true false 8 Double 0 0,First,#,Obcepolygony_stred_kraj,SY,-1,-1;hustota_zalidneni "hustota_zalidneni" true true false 8 Double 0 0,First,#,Obcepolygony_stred_kraj,hustota_zalidneni,-1,-1;Shape_Length "Shape_Length" false true true 8 Double 0 0,First,#,Obcepolygony_stred_kraj,Shape_Length,-1,-1;Shape_Area "Shape_Area" false true true 8 Double 0 0,First,#,Obcepolygony_stred_kraj,Shape_Area,-1,-1" #</Process><Process ToolSource="c:\program files\arcgis\pro\Resources\ArcToolbox\toolboxes\Data Management Tools.tbx\Rename" Date="20240321" Time="093317">Rename C:\Moje\MR_Balkan\MR_Balkan.gdb\Obcepolygony_stred_kraj_nejlidnatejsi C:\Moje\MR_Balkan\MR_Balkan.gdb\Obcepolygony_stred_kraj_padesat_nejlidnatejsich FeatureClass</Process><Process ToolSource="c:\program files\arcgis\pro\Resources\ArcToolbox\toolboxes\Conversion Tools.tbx\ExportFeatures" Date="20240321" Time="101635">ExportFeatures Obcepolygony_stred_kraj_padesat_nejlidnatejsich C:\Moje\MR_Balkan\MR_Balkan.gdb\Obcepolygony_stred_kraj_padesat_nejlidnatejsich_ExportFeatures # NOT_USE_ALIAS "KOD_OBEC "KOD_OBEC" true true false 6 Text 0 0,First,#,Obcepolygony_stred_kraj_padesat_nejlidnatejsich,KOD_OBEC,0,5;NAZ_OBEC "NAZ_OBEC" true true false 40 Text 0 0,First,#,Obcepolygony_stred_kraj_padesat_nejlidnatejsich,NAZ_OBEC,0,39;KOD_ZUJ "KOD_ZUJ" true true false 6 Text 0 0,First,#,Obcepolygony_stred_kraj_padesat_nejlidnatejsich,KOD_ZUJ,0,5;NAZ_ZUJ "NAZ_ZUJ" true true false 40 Text 0 0,First,#,Obcepolygony_stred_kraj_padesat_nejlidnatejsich,NAZ_ZUJ,0,39;KOD_POU "KOD_POU" true true false 5 Text 0 0,First,#,Obcepolygony_stred_kraj_padesat_nejlidnatejsich,KOD_POU,0,4;NAZ_POU "NAZ_POU" true true false 255 Text 0 0,First,#,Obcepolygony_stred_kraj_padesat_nejlidnatejsich,NAZ_POU,0,254;KOD_ORP "KOD_ORP" true true false 4 Text 0 0,First,#,Obcepolygony_stred_kraj_padesat_nejlidnatejsich,KOD_ORP,0,3;NAZ_ORP "NAZ_ORP" true true false 255 Text 0 0,First,#,Obcepolygony_stred_kraj_padesat_nejlidnatejsich,NAZ_ORP,0,254;KOD_OKRES "KOD_OKRES" true true false 5 Text 0 0,First,#,Obcepolygony_stred_kraj_padesat_nejlidnatejsich,KOD_OKRES,0,4;KOD_LAU1 "KOD_LAU1" true true false 6 Text 0 0,First,#,Obcepolygony_stred_kraj_padesat_nejlidnatejsich,KOD_LAU1,0,5;NAZ_LAU1 "NAZ_LAU1" true true false 40 Text 0 0,First,#,Obcepolygony_stred_kraj_padesat_nejlidnatejsich,NAZ_LAU1,0,39;KOD_KRAJ "KOD_KRAJ" true true false 4 Text 0 0,First,#,Obcepolygony_stred_kraj_padesat_nejlidnatejsich,KOD_KRAJ,0,3;KOD_CZNUTS3 "KOD_CZNUTS3" true true false 6 Text 0 0,First,#,Obcepolygony_stred_kraj_padesat_nejlidnatejsich,KOD_CZNUTS3,0,5;NAZ_CZNUTS3 "NAZ_CZNUTS3" true true false 40 Text 0 0,First,#,Obcepolygony_stred_kraj_padesat_nejlidnatejsich,NAZ_CZNUTS3,0,39;SNATKY "SNATKY" true true false 8 Double 0 0,First,#,Obcepolygony_stred_kraj_padesat_nejlidnatejsich,SNATKY,-1,-1;ROZVODY "ROZVODY" true true false 8 Double 0 0,First,#,Obcepolygony_stred_kraj_padesat_nejlidnatejsich,ROZVODY,-1,-1;NAROZENI "NAROZENI" true true false 8 Double 0 0,First,#,Obcepolygony_stred_kraj_padesat_nejlidnatejsich,NAROZENI,-1,-1;ZEMRELI "ZEMRELI" true true false 8 Double 0 0,First,#,Obcepolygony_stred_kraj_padesat_nejlidnatejsich,ZEMRELI,-1,-1;PRISTEHOVALI "PRISTEHOVALI" true true false 8 Double 0 0,First,#,Obcepolygony_stred_kraj_padesat_nejlidnatejsich,PRISTEHOVALI,-1,-1;VYSTEHOVALI "VYSTEHOVALI" true true false 8 Double 0 0,First,#,Obcepolygony_stred_kraj_padesat_nejlidnatejsich,VYSTEHOVALI,-1,-1;POCET_OBYV "POCET_OBYV" true true false 8 Double 0 0,First,#,Obcepolygony_stred_kraj_padesat_nejlidnatejsich,POCET_OBYV,-1,-1;MUZI "MUZI" true true false 8 Double 0 0,First,#,Obcepolygony_stred_kraj_padesat_nejlidnatejsich,MUZI,-1,-1;ZENY "ZENY" true true false 8 Double 0 0,First,#,Obcepolygony_stred_kraj_padesat_nejlidnatejsich,ZENY,-1,-1;OBYV_0_14 "OBYV_0_14" true true false 8 Double 0 0,First,#,Obcepolygony_stred_kraj_padesat_nejlidnatejsich,OBYV_0_14,-1,-1;MUZI_0_14 "MUZI_0_14" true true false 8 Double 0 0,First,#,Obcepolygony_stred_kraj_padesat_nejlidnatejsich,MUZI_0_14,-1,-1;ZENY_0_14 "ZENY_0_14" true true false 8 Double 0 0,First,#,Obcepolygony_stred_kraj_padesat_nejlidnatejsich,ZENY_0_14,-1,-1;OBYV_15_64 "OBYV_15_64" true true false 8 Double 0 0,First,#,Obcepolygony_stred_kraj_padesat_nejlidnatejsich,OBYV_15_64,-1,-1;MUZI_15_64 "MUZI_15_64" true true false 8 Double 0 0,First,#,Obcepolygony_stred_kraj_padesat_nejlidnatejsich,MUZI_15_64,-1,-1;ZENY_15_64 "ZENY_15_64" true true false 8 Double 0 0,First,#,Obcepolygony_stred_kraj_padesat_nejlidnatejsich,ZENY_15_64,-1,-1;OBYV_65 "OBYV_65" true true false 8 Double 0 0,First,#,Obcepolygony_stred_kraj_padesat_nejlidnatejsich,OBYV_65,-1,-1;MUZI_65 "MUZI_65" true true false 8 Double 0 0,First,#,Obcepolygony_stred_kraj_padesat_nejlidnatejsich,MUZI_65,-1,-1;ZENY_65 "ZENY_65" true true false 8 Double 0 0,First,#,Obcepolygony_stred_kraj_padesat_nejlidnatejsich,ZENY_65,-1,-1;MIRA_NEZAM "MIRA_NEZAM" true true false 8 Double 0 0,First,#,Obcepolygony_stred_kraj_padesat_nejlidnatejsich,MIRA_NEZAM,-1,-1;SX "SX" true true false 8 Double 0 0,First,#,Obcepolygony_stred_kraj_padesat_nejlidnatejsich,SX,-1,-1;SY "SY" true true false 8 Double 0 0,First,#,Obcepolygony_stred_kraj_padesat_nejlidnatejsich,SY,-1,-1;hustota_zalidneni "hustota_zalidneni" true true false 8 Double 0 0,First,#,Obcepolygony_stred_kraj_padesat_nejlidnatejsich,hustota_zalidneni,-1,-1;Shape_Length "Shape_Length" false true true 8 Double 0 0,First,#,Obcepolygony_stred_kraj_padesat_nejlidnatejsich,Shape_Length,-1,-1;Shape_Area "Shape_Area" false true true 8 Double 0 0,First,#,Obcepolygony_stred_kraj_padesat_nejlidnatejsich,Shape_Area,-1,-1" #</Process><Process ToolSource="c:\program files\arcgis\pro\Resources\ArcToolbox\toolboxes\Conversion Tools.tbx\ExportFeatures" Date="20240321" Time="102014">ExportFeatures C:\Moje\MR_Balkan\MR_Balkan.gdb\Obcepolygony_stred_kraj_padesat_nejlidnatejsich_ExportFeatures C:\Moje\PRFUK\8_semestr\algoritmy_pocitacove_kartografie\cv1\input_files\obce_stred_kraj_polygony.shp # NOT_USE_ALIAS "KOD_OBEC "KOD_OBEC" true true false 6 Text 0 0,First,#,C:\Moje\MR_Balkan\MR_Balkan.gdb\Obcepolygony_stred_kraj_padesat_nejlidnatejsich_ExportFeatures,KOD_OBEC,0,5;NAZ_OBEC "NAZ_OBEC" true true false 40 Text 0 0,First,#,C:\Moje\MR_Balkan\MR_Balkan.gdb\Obcepolygony_stred_kraj_padesat_nejlidnatejsich_ExportFeatures,NAZ_OBEC,0,39;KOD_ZUJ "KOD_ZUJ" true true false 6 Text 0 0,First,#,C:\Moje\MR_Balkan\MR_Balkan.gdb\Obcepolygony_stred_kraj_padesat_nejlidnatejsich_ExportFeatures,KOD_ZUJ,0,5;NAZ_ZUJ "NAZ_ZUJ" true true false 40 Text 0 0,First,#,C:\Moje\MR_Balkan\MR_Balkan.gdb\Obcepolygony_stred_kraj_padesat_nejlidnatejsich_ExportFeatures,NAZ_ZUJ,0,39;KOD_POU "KOD_POU" true true false 5 Text 0 0,First,#,C:\Moje\MR_Balkan\MR_Balkan.gdb\Obcepolygony_stred_kraj_padesat_nejlidnatejsich_ExportFeatures,KOD_POU,0,4;NAZ_POU "NAZ_POU" true true false 255 Text 0 0,First,#,C:\Moje\MR_Balkan\MR_Balkan.gdb\Obcepolygony_stred_kraj_padesat_nejlidnatejsich_ExportFeatures,NAZ_POU,0,254;KOD_ORP "KOD_ORP" true true false 4 Text 0 0,First,#,C:\Moje\MR_Balkan\MR_Balkan.gdb\Obcepolygony_stred_kraj_padesat_nejlidnatejsich_ExportFeatures,KOD_ORP,0,3;NAZ_ORP "NAZ_ORP" true true false 255 Text 0 0,First,#,C:\Moje\MR_Balkan\MR_Balkan.gdb\Obcepolygony_stred_kraj_padesat_nejlidnatejsich_ExportFeatures,NAZ_ORP,0,254;KOD_OKRES "KOD_OKRES" true true false 5 Text 0 0,First,#,C:\Moje\MR_Balkan\MR_Balkan.gdb\Obcepolygony_stred_kraj_padesat_nejlidnatejsich_ExportFeatures,KOD_OKRES,0,4;KOD_LAU1 "KOD_LAU1" true true false 6 Text 0 0,First,#,C:\Moje\MR_Balkan\MR_Balkan.gdb\Obcepolygony_stred_kraj_padesat_nejlidnatejsich_ExportFeatures,KOD_LAU1,0,5;NAZ_LAU1 "NAZ_LAU1" true true false 40 Text 0 0,First,#,C:\Moje\MR_Balkan\MR_Balkan.gdb\Obcepolygony_stred_kraj_padesat_nejlidnatejsich_ExportFeatures,NAZ_LAU1,0,39;KOD_KRAJ "KOD_KRAJ" true true false 4 Text 0 0,First,#,C:\Moje\MR_Balkan\MR_Balkan.gdb\Obcepolygony_stred_kraj_padesat_nejlidnatejsich_ExportFeatures,KOD_KRAJ,0,3;KOD_CZNUTS3 "KOD_CZNUTS3" true true false 6 Text 0 0,First,#,C:\Moje\MR_Balkan\MR_Balkan.gdb\Obcepolygony_stred_kraj_padesat_nejlidnatejsich_ExportFeatures,KOD_CZNUTS3,0,5;NAZ_CZNUTS3 "NAZ_CZNUTS3" true true false 40 Text 0 0,First,#,C:\Moje\MR_Balkan\MR_Balkan.gdb\Obcepolygony_stred_kraj_padesat_nejlidnatejsich_ExportFeatures,NAZ_CZNUTS3,0,39;SNATKY "SNATKY" true true false 8 Double 0 0,First,#,C:\Moje\MR_Balkan\MR_Balkan.gdb\Obcepolygony_stred_kraj_padesat_nejlidnatejsich_ExportFeatures,SNATKY,-1,-1;ROZVODY "ROZVODY" true true false 8 Double 0 0,First,#,C:\Moje\MR_Balkan\MR_Balkan.gdb\Obcepolygony_stred_kraj_padesat_nejlidnatejsich_ExportFeatures,ROZVODY,-1,-1;NAROZENI "NAROZENI" true true false 8 Double 0 0,First,#,C:\Moje\MR_Balkan\MR_Balkan.gdb\Obcepolygony_stred_kraj_padesat_nejlidnatejsich_ExportFeatures,NAROZENI,-1,-1;ZEMRELI "ZEMRELI" true true false 8 Double 0 0,First,#,C:\Moje\MR_Balkan\MR_Balkan.gdb\Obcepolygony_stred_kraj_padesat_nejlidnatejsich_ExportFeatures,ZEMRELI,-1,-1;PRISTEHOVALI "PRISTEHOVALI" true true false 8 Double 0 0,First,#,C:\Moje\MR_Balkan\MR_Balkan.gdb\Obcepolygony_stred_kraj_padesat_nejlidnatejsich_ExportFeatures,PRISTEHOVALI,-1,-1;VYSTEHOVALI "VYSTEHOVALI" true true false 8 Double 0 0,First,#,C:\Moje\MR_Balkan\MR_Balkan.gdb\Obcepolygony_stred_kraj_padesat_nejlidnatejsich_ExportFeatures,VYSTEHOVALI,-1,-1;POCET_OBYV "POCET_OBYV" true true false 8 Double 0 0,First,#,C:\Moje\MR_Balkan\MR_Balkan.gdb\Obcepolygony_stred_kraj_padesat_nejlidnatejsich_ExportFeatures,POCET_OBYV,-1,-1;MUZI "MUZI" true true false 8 Double 0 0,First,#,C:\Moje\MR_Balkan\MR_Balkan.gdb\Obcepolygony_stred_kraj_padesat_nejlidnatejsich_ExportFeatures,MUZI,-1,-1;ZENY "ZENY" true true false 8 Double 0 0,First,#,C:\Moje\MR_Balkan\MR_Balkan.gdb\Obcepolygony_stred_kraj_padesat_nejlidnatejsich_ExportFeatures,ZENY,-1,-1;OBYV_0_14 "OBYV_0_14" true true false 8 Double 0 0,First,#,C:\Moje\MR_Balkan\MR_Balkan.gdb\Obcepolygony_stred_kraj_padesat_nejlidnatejsich_ExportFeatures,OBYV_0_14,-1,-1;MUZI_0_14 "MUZI_0_14" true true false 8 Double 0 0,First,#,C:\Moje\MR_Balkan\MR_Balkan.gdb\Obcepolygony_stred_kraj_padesat_nejlidnatejsich_ExportFeatures,MUZI_0_14,-1,-1;ZENY_0_14 "ZENY_0_14" true true false 8 Double 0 0,First,#,C:\Moje\MR_Balkan\MR_Balkan.gdb\Obcepolygony_stred_kraj_padesat_nejlidnatejsich_ExportFeatures,ZENY_0_14,-1,-1;OBYV_15_64 "OBYV_15_64" true true false 8 Double 0 0,First,#,C:\Moje\MR_Balkan\MR_Balkan.gdb\Obcepolygony_stred_kraj_padesat_nejlidnatejsich_ExportFeatures,OBYV_15_64,-1,-1;MUZI_15_64 "MUZI_15_64" true true false 8 Double 0 0,First,#,C:\Moje\MR_Balkan\MR_Balkan.gdb\Obcepolygony_stred_kraj_padesat_nejlidnatejsich_ExportFeatures,MUZI_15_64,-1,-1;ZENY_15_64 "ZENY_15_64" true true false 8 Double 0 0,First,#,C:\Moje\MR_Balkan\MR_Balkan.gdb\Obcepolygony_stred_kraj_padesat_nejlidnatejsich_ExportFeatures,ZENY_15_64,-1,-1;OBYV_65 "OBYV_65" true true false 8 Double 0 0,First,#,C:\Moje\MR_Balkan\MR_Balkan.gdb\Obcepolygony_stred_kraj_padesat_nejlidnatejsich_ExportFeatures,OBYV_65,-1,-1;MUZI_65 "MUZI_65" true true false 8 Double 0 0,First,#,C:\Moje\MR_Balkan\MR_Balkan.gdb\Obcepolygony_stred_kraj_padesat_nejlidnatejsich_ExportFeatures,MUZI_65,-1,-1;ZENY_65 "ZENY_65" true true false 8 Double 0 0,First,#,C:\Moje\MR_Balkan\MR_Balkan.gdb\Obcepolygony_stred_kraj_padesat_nejlidnatejsich_ExportFeatures,ZENY_65,-1,-1;MIRA_NEZAM "MIRA_NEZAM" true true false 8 Double 0 0,First,#,C:\Moje\MR_Balkan\MR_Balkan.gdb\Obcepolygony_stred_kraj_padesat_nejlidnatejsich_ExportFeatures,MIRA_NEZAM,-1,-1;SX "SX" true true false 8 Double 0 0,First,#,C:\Moje\MR_Balkan\MR_Balkan.gdb\Obcepolygony_stred_kraj_padesat_nejlidnatejsich_ExportFeatures,SX,-1,-1;SY "SY" true true false 8 Double 0 0,First,#,C:\Moje\MR_Balkan\MR_Balkan.gdb\Obcepolygony_stred_kraj_padesat_nejlidnatejsich_ExportFeatures,SY,-1,-1;hustota_zalidneni "hustota_zalidneni" true true false 8 Double 0 0,First,#,C:\Moje\MR_Balkan\MR_Balkan.gdb\Obcepolygony_stred_kraj_padesat_nejlidnatejsich_ExportFeatures,hustota_zalidneni,-1,-1;Shape_Length "Shape_Length" false true true 8 Double 0 0,First,#,C:\Moje\MR_Balkan\MR_Balkan.gdb\Obcepolygony_stred_kraj_padesat_nejlidnatejsich_ExportFeatures,Shape_Length,-1,-1;Shape_Area "Shape_Area" false true true 8 Double 0 0,First,#,C:\Moje\MR_Balkan\MR_Balkan.gdb\Obcepolygony_stred_kraj_padesat_nejlidnatejsich_ExportFeatures,Shape_Area,-1,-1" #</Process></lineage><itemProps><itemName Sync="TRUE">obce_stred_kraj_polygony</itemName><imsContentType Sync="TRUE">002</imsContentType><itemLocation><linkage Sync="TRUE">file://\\LEGIONAR\C$\Moje\PRFUK\8_semestr\algoritmy_pocitacove_kartografie\cv1\input_files\obce_stred_kraj_polygony.shp</linkage><protocol Sync="TRUE">Local Area Network</protocol></itemLocation><itemSize Sync="TRUE">0.000</itemSize></itemProps><coordRef><type Sync="TRUE">Projected</type><geogcsn Sync="TRUE">GCS_S_JTSK</geogcsn><csUnits Sync="TRUE">Linear Unit: Meter (1.000000)</csUnits><projcsn Sync="TRUE">S-JTSK_Krovak_East_North</projcsn><peXml Sync="TRUE">&lt;ProjectedCoordinateSystem xsi:type='typens:ProjectedCoordinateSystem' xmlns:xsi='http://www.w3.org/2001/XMLSchema-instance' xmlns:xs='http://www.w3.org/2001/XMLSchema' xmlns:typens='http://www.esri.com/schemas/ArcGIS/3.2.0'&gt;&lt;WKT&gt;PROJCS[&amp;quot;S-JTSK_Krovak_East_North&amp;quot;,GEOGCS[&amp;quot;GCS_S_JTSK&amp;quot;,DATUM[&amp;quot;D_S_JTSK&amp;quot;,SPHEROID[&amp;quot;Bessel_1841&amp;quot;,6377397.155,299.1528128]],PRIMEM[&amp;quot;Greenwich&amp;quot;,0.0],UNIT[&amp;quot;Degree&amp;quot;,0.0174532925199433]],PROJECTION[&amp;quot;Krovak&amp;quot;],PARAMETER[&amp;quot;False_Easting&amp;quot;,0.0],PARAMETER[&amp;quot;False_Northing&amp;quot;,0.0],PARAMETER[&amp;quot;Pseudo_Standard_Parallel_1&amp;quot;,78.5],PARAMETER[&amp;quot;Scale_Factor&amp;quot;,0.9999],PARAMETER[&amp;quot;Azimuth&amp;quot;,30.28813975277778],PARAMETER[&amp;quot;Longitude_Of_Center&amp;quot;,24.83333333333333],PARAMETER[&amp;quot;Latitude_Of_Center&amp;quot;,49.5],PARAMETER[&amp;quot;X_Scale&amp;quot;,-1.0],PARAMETER[&amp;quot;Y_Scale&amp;quot;,1.0],PARAMETER[&amp;quot;XY_Plane_Rotation&amp;quot;,90.0],UNIT[&amp;quot;Meter&amp;quot;,1.0],AUTHORITY[&amp;quot;EPSG&amp;quot;,5514]]&lt;/WKT&gt;&lt;XOrigin&gt;-33699800&lt;/XOrigin&gt;&lt;YOrigin&gt;-33699800&lt;/YOrigin&gt;&lt;XYScale&gt;133638764.24698351&lt;/XYScale&gt;&lt;ZOrigin&gt;-100000&lt;/ZOrigin&gt;&lt;ZScale&gt;10000&lt;/ZScale&gt;&lt;MOrigin&gt;-100000&lt;/MOrigin&gt;&lt;MScale&gt;10000&lt;/MScale&gt;&lt;XYTolerance&gt;0.001&lt;/XYTolerance&gt;&lt;ZTolerance&gt;0.001&lt;/ZTolerance&gt;&lt;MTolerance&gt;0.001&lt;/MTolerance&gt;&lt;HighPrecision&gt;true&lt;/HighPrecision&gt;&lt;WKID&gt;102067&lt;/WKID&gt;&lt;LatestWKID&gt;5514&lt;/LatestWKID&gt;&lt;/ProjectedCoordinateSystem&gt;</peXml></coordRef></DataProperties><SyncDate>20240321</SyncDate><SyncTime>10201400</SyncTime><ModDate>20240321</ModDate><ModTime>10201400</ModTime></Esri><dataIdInfo><envirDesc Sync="TRUE">Microsoft Windows 10 Version 10.0 (Build 22621) ; Esri ArcGIS 13.2.2.49743</envirDesc><dataLang><languageCode value="ces" Sync="TRUE"></languageCode><countryCode value="CZE" Sync="TRUE"></countryCode></dataLang><idCitation><resTitle Sync="TRUE">obce_stred_kraj_polygony</resTitle><presForm><PresFormCd value="005" Sync="TRUE"></PresFormCd></presForm></idCitation><spatRpType><SpatRepTypCd value="001" Sync="TRUE"></SpatRepTypCd></spatRpType></dataIdInfo><mdLang><languageCode value="ces" Sync="TRUE"></languageCode><countryCode value="CZE" Sync="TRUE"></countryCode></mdLang><distInfo><distFormat><formatName Sync="TRUE">Shapefile</formatName></distFormat><distTranOps><transSize Sync="TRUE">0.000</transSize></distTranOps></distInfo><mdHrLv><ScopeCd value="005" Sync="TRUE"></ScopeCd></mdHrLv><mdHrLvName Sync="TRUE">dataset</mdHrLvName><refSysInfo><RefSystem><refSysID><identCode code="5514" Sync="TRUE"></identCode><idCodeSpace Sync="TRUE">EPSG</idCodeSpace><idVersion Sync="TRUE">7.7(10.1.0)</idVersion></refSysID></RefSystem></refSysInfo><spatRepInfo><VectSpatRep><geometObjs Name="obce_stred_kraj_polygony"><geoObjTyp><GeoObjTypCd value="002" Sync="TRUE"></GeoObjTypCd></geoObjTyp><geoObjCnt Sync="TRUE">0</geoObjCnt></geometObjs><topLvl><TopoLevCd value="001" Sync="TRUE"></TopoLevCd></topLvl></VectSpatRep></spatRepInfo><spdoinfo><ptvctinf><esriterm Name="obce_stred_kraj_polygony"><efeatyp Sync="TRUE">Simple</efeatyp><efeageom code="4" Sync="TRUE"></efeageom><esritopo Sync="TRUE">FALSE</esritopo><efeacnt Sync="TRUE">0</efeacnt><spindex Sync="TRUE">FALSE</spindex><linrefer Sync="TRUE">FALSE</linrefer></esriterm></ptvctinf></spdoinfo><eainfo><detailed Name="obce_stred_kraj_polygony"><enttyp><enttypl Sync="TRUE">obce_stred_kraj_polygony</enttypl><enttypt Sync="TRUE">Feature Class</enttypt><enttypc Sync="TRUE">0</enttypc></enttyp><attr><attrlabl Sync="TRUE">FID</attrlabl><attalias Sync="TRUE">FID</attalias><attrtype Sync="TRUE">OID</attrtype><attwidth Sync="TRUE">4</attwidth><atprecis Sync="TRUE">0</atprecis><attscale Sync="TRUE">0</attscale><attrdef Sync="TRUE">Internal feature number.</attrdef><attrdefs Sync="TRUE">Esri</attrdefs><attrdomv><udom Sync="TRUE">Sequential unique whole numbers that are automatically generated.</udom></attrdomv></attr><attr><attrlabl Sync="TRUE">Shape</attrlabl><attalias Sync="TRUE">Shape</attalias><attrtype Sync="TRUE">Geometry</attrtype><attwidth Sync="TRUE">0</attwidth><atprecis Sync="TRUE">0</atprecis><attscale Sync="TRUE">0</attscale><attrdef Sync="TRUE">Feature geometry.</attrdef><attrdefs Sync="TRUE">Esri</attrdefs><attrdomv><udom Sync="TRUE">Coordinates defining the features.</udom></attrdomv></attr><attr><attrlabl Sync="TRUE">KOD_OBEC</attrlabl><attalias Sync="TRUE">KOD_OBEC</attalias><attrtype Sync="TRUE">String</attrtype><attwidth Sync="TRUE">6</attwidth><atprecis Sync="TRUE">0</atprecis><attscale Sync="TRUE">0</attscale></attr><attr><attrlabl Sync="TRUE">NAZ_OBEC</attrlabl><attalias Sync="TRUE">NAZ_OBEC</attalias><attrtype Sync="TRUE">String</attrtype><attwidth Sync="TRUE">40</attwidth><atprecis Sync="TRUE">0</atprecis><attscale Sync="TRUE">0</attscale></attr><attr><attrlabl Sync="TRUE">KOD_ZUJ</attrlabl><attalias Sync="TRUE">KOD_ZUJ</attalias><attrtype Sync="TRUE">String</attrtype><attwidth Sync="TRUE">6</attwidth><atprecis Sync="TRUE">0</atprecis><attscale Sync="TRUE">0</attscale></attr><attr><attrlabl Sync="TRUE">NAZ_ZUJ</attrlabl><attalias Sync="TRUE">NAZ_ZUJ</attalias><attrtype Sync="TRUE">String</attrtype><attwidth Sync="TRUE">40</attwidth><atprecis Sync="TRUE">0</atprecis><attscale Sync="TRUE">0</attscale></attr><attr><attrlabl Sync="TRUE">KOD_POU</attrlabl><attalias Sync="TRUE">KOD_POU</attalias><attrtype Sync="TRUE">String</attrtype><attwidth Sync="TRUE">5</attwidth><atprecis Sync="TRUE">0</atprecis><attscale Sync="TRUE">0</attscale></attr><attr><attrlabl Sync="TRUE">NAZ_POU</attrlabl><attalias Sync="TRUE">NAZ_POU</attalias><attrtype Sync="TRUE">String</attrtype><attwidth Sync="TRUE">254</attwidth><atprecis Sync="TRUE">0</atprecis><attscale Sync="TRUE">0</attscale></attr><attr><attrlabl Sync="TRUE">KOD_ORP</attrlabl><attalias Sync="TRUE">KOD_ORP</attalias><attrtype Sync="TRUE">String</attrtype><attwidth Sync="TRUE">4</attwidth><atprecis Sync="TRUE">0</atprecis><attscale Sync="TRUE">0</attscale></attr><attr><attrlabl Sync="TRUE">NAZ_ORP</attrlabl><attalias Sync="TRUE">NAZ_ORP</attalias><attrtype Sync="TRUE">String</attrtype><attwidth Sync="TRUE">254</attwidth><atprecis Sync="TRUE">0</atprecis><attscale Sync="TRUE">0</attscale></attr><attr><attrlabl Sync="TRUE">KOD_OKRES</attrlabl><attalias Sync="TRUE">KOD_OKRES</attalias><attrtype Sync="TRUE">String</attrtype><attwidth Sync="TRUE">5</attwidth><atprecis Sync="TRUE">0</atprecis><attscale Sync="TRUE">0</attscale></attr><attr><attrlabl Sync="TRUE">KOD_LAU1</attrlabl><attalias Sync="TRUE">KOD_LAU1</attalias><attrtype Sync="TRUE">String</attrtype><attwidth Sync="TRUE">6</attwidth><atprecis Sync="TRUE">0</atprecis><attscale Sync="TRUE">0</attscale></attr><attr><attrlabl Sync="TRUE">NAZ_LAU1</attrlabl><attalias Sync="TRUE">NAZ_LAU1</attalias><attrtype Sync="TRUE">String</attrtype><attwidth Sync="TRUE">40</attwidth><atprecis Sync="TRUE">0</atprecis><attscale Sync="TRUE">0</attscale></attr><attr><attrlabl Sync="TRUE">KOD_KRAJ</attrlabl><attalias Sync="TRUE">KOD_KRAJ</attalias><attrtype Sync="TRUE">String</attrtype><attwidth Sync="TRUE">4</attwidth><atprecis Sync="TRUE">0</atprecis><attscale Sync="TRUE">0</attscale></attr><attr><attrlabl Sync="TRUE">KOD_CZNUTS</attrlabl><attalias Sync="TRUE">KOD_CZNUTS</attalias><attrtype Sync="TRUE">String</attrtype><attwidth Sync="TRUE">6</attwidth><atprecis Sync="TRUE">0</atprecis><attscale Sync="TRUE">0</attscale></attr><attr><attrlabl Sync="TRUE">NAZ_CZNUTS</attrlabl><attalias Sync="TRUE">NAZ_CZNUTS</attalias><attrtype Sync="TRUE">String</attrtype><attwidth Sync="TRUE">40</attwidth><atprecis Sync="TRUE">0</atprecis><attscale Sync="TRUE">0</attscale></attr><attr><attrlabl Sync="TRUE">SNATKY</attrlabl><attalias Sync="TRUE">SNATKY</attalias><attrtype Sync="TRUE">Double</attrtype><attwidth Sync="TRUE">19</attwidth><atprecis Sync="TRUE">0</atprecis><attscale Sync="TRUE">0</attscale></attr><attr><attrlabl Sync="TRUE">ROZVODY</attrlabl><attalias Sync="TRUE">ROZVODY</attalias><attrtype Sync="TRUE">Double</attrtype><attwidth Sync="TRUE">19</attwidth><atprecis Sync="TRUE">0</atprecis><attscale Sync="TRUE">0</attscale></attr><attr><attrlabl Sync="TRUE">NAROZENI</attrlabl><attalias Sync="TRUE">NAROZENI</attalias><attrtype Sync="TRUE">Double</attrtype><attwidth Sync="TRUE">19</attwidth><atprecis Sync="TRUE">0</atprecis><attscale Sync="TRUE">0</attscale></attr><attr><attrlabl Sync="TRUE">ZEMRELI</attrlabl><attalias Sync="TRUE">ZEMRELI</attalias><attrtype Sync="TRUE">Double</attrtype><attwidth Sync="TRUE">19</attwidth><atprecis Sync="TRUE">0</atprecis><attscale Sync="TRUE">0</attscale></attr><attr><attrlabl Sync="TRUE">PRISTEHOVA</attrlabl><attalias Sync="TRUE">PRISTEHOVA</attalias><attrtype Sync="TRUE">Double</attrtype><attwidth Sync="TRUE">19</attwidth><atprecis Sync="TRUE">0</atprecis><attscale Sync="TRUE">0</attscale></attr><attr><attrlabl Sync="TRUE">VYSTEHOVAL</attrlabl><attalias Sync="TRUE">VYSTEHOVAL</attalias><attrtype Sync="TRUE">Double</attrtype><attwidth Sync="TRUE">19</attwidth><atprecis Sync="TRUE">0</atprecis><attscale Sync="TRUE">0</attscale></attr><attr><attrlabl Sync="TRUE">POCET_OBYV</attrlabl><attalias Sync="TRUE">POCET_OBYV</attalias><attrtype Sync="TRUE">Double</attrtype><attwidth Sync="TRUE">19</attwidth><atprecis Sync="TRUE">0</atprecis><attscale Sync="TRUE">0</attscale></attr><attr><attrlabl Sync="TRUE">MUZI</attrlabl><attalias Sync="TRUE">MUZI</attalias><attrtype Sync="TRUE">Double</attrtype><attwidth Sync="TRUE">19</attwidth><atprecis Sync="TRUE">0</atprecis><attscale Sync="TRUE">0</attscale></attr><attr><attrlabl Sync="TRUE">ZENY</attrlabl><attalias Sync="TRUE">ZENY</attalias><attrtype Sync="TRUE">Double</attrtype><attwidth Sync="TRUE">19</attwidth><atprecis Sync="TRUE">0</atprecis><attscale Sync="TRUE">0</attscale></attr><attr><attrlabl Sync="TRUE">OBYV_0_14</attrlabl><attalias Sync="TRUE">OBYV_0_14</attalias><attrtype Sync="TRUE">Double</attrtype><attwidth Sync="TRUE">19</attwidth><atprecis Sync="TRUE">0</atprecis><attscale Sync="TRUE">0</attscale></attr><attr><attrlabl Sync="TRUE">MUZI_0_14</attrlabl><attalias Sync="TRUE">MUZI_0_14</attalias><attrtype Sync="TRUE">Double</attrtype><attwidth Sync="TRUE">19</attwidth><atprecis Sync="TRUE">0</atprecis><attscale Sync="TRUE">0</attscale></attr><attr><attrlabl Sync="TRUE">ZENY_0_14</attrlabl><attalias Sync="TRUE">ZENY_0_14</attalias><attrtype Sync="TRUE">Double</attrtype><attwidth Sync="TRUE">19</attwidth><atprecis Sync="TRUE">0</atprecis><attscale Sync="TRUE">0</attscale></attr><attr><attrlabl Sync="TRUE">OBYV_15_64</attrlabl><attalias Sync="TRUE">OBYV_15_64</attalias><attrtype Sync="TRUE">Double</attrtype><attwidth Sync="TRUE">19</attwidth><atprecis Sync="TRUE">0</atprecis><attscale Sync="TRUE">0</attscale></attr><attr><attrlabl Sync="TRUE">MUZI_15_64</attrlabl><attalias Sync="TRUE">MUZI_15_64</attalias><attrtype Sync="TRUE">Double</attrtype><attwidth Sync="TRUE">19</attwidth><atprecis Sync="TRUE">0</atprecis><attscale Sync="TRUE">0</attscale></attr><attr><attrlabl Sync="TRUE">ZENY_15_64</attrlabl><attalias Sync="TRUE">ZENY_15_64</attalias><attrtype Sync="TRUE">Double</attrtype><attwidth Sync="TRUE">19</attwidth><atprecis Sync="TRUE">0</atprecis><attscale Sync="TRUE">0</attscale></attr><attr><attrlabl Sync="TRUE">OBYV_65</attrlabl><attalias Sync="TRUE">OBYV_65</attalias><attrtype Sync="TRUE">Double</attrtype><attwidth Sync="TRUE">19</attwidth><atprecis Sync="TRUE">0</atprecis><attscale Sync="TRUE">0</attscale></attr><attr><attrlabl Sync="TRUE">MUZI_65</attrlabl><attalias Sync="TRUE">MUZI_65</attalias><attrtype Sync="TRUE">Double</attrtype><attwidth Sync="TRUE">19</attwidth><atprecis Sync="TRUE">0</atprecis><attscale Sync="TRUE">0</attscale></attr><attr><attrlabl Sync="TRUE">ZENY_65</attrlabl><attalias Sync="TRUE">ZENY_65</attalias><attrtype Sync="TRUE">Double</attrtype><attwidth Sync="TRUE">19</attwidth><atprecis Sync="TRUE">0</atprecis><attscale Sync="TRUE">0</attscale></attr><attr><attrlabl Sync="TRUE">MIRA_NEZAM</attrlabl><attalias Sync="TRUE">MIRA_NEZAM</attalias><attrtype Sync="TRUE">Double</attrtype><attwidth Sync="TRUE">19</attwidth><atprecis Sync="TRUE">0</atprecis><attscale Sync="TRUE">0</attscale></attr><attr><attrlabl Sync="TRUE">SX</attrlabl><attalias Sync="TRUE">SX</attalias><attrtype Sync="TRUE">Double</attrtype><attwidth Sync="TRUE">19</attwidth><atprecis Sync="TRUE">0</atprecis><attscale Sync="TRUE">0</attscale></attr><attr><attrlabl Sync="TRUE">SY</attrlabl><attalias Sync="TRUE">SY</attalias><attrtype Sync="TRUE">Double</attrtype><attwidth Sync="TRUE">19</attwidth><atprecis Sync="TRUE">0</atprecis><attscale Sync="TRUE">0</attscale></attr><attr><attrlabl Sync="TRUE">hustota_za</attrlabl><attalias Sync="TRUE">hustota_za</attalias><attrtype Sync="TRUE">Double</attrtype><attwidth Sync="TRUE">19</attwidth><atprecis Sync="TRUE">0</atprecis><attscale Sync="TRUE">0</attscale></attr><attr><attrlabl Sync="TRUE">Shape_Leng</attrlabl><attalias Sync="TRUE">Shape_Leng</attalias><attrtype Sync="TRUE">Double</attrtype><attwidth Sync="TRUE">19</attwidth><atprecis Sync="TRUE">0</atprecis><attscale Sync="TRUE">0</attscale></attr><attr><attrlabl Sync="TRUE">Shape_Area</attrlabl><attalias Sync="TRUE">Shape_Area</attalias><attrtype Sync="TRUE">Double</attrtype><attwidth Sync="TRUE">19</attwidth><atprecis Sync="TRUE">0</atprecis><attscale Sync="TRUE">0</attscale><attrdef Sync="TRUE">Area of feature in internal units squared.</attrdef><attrdefs Sync="TRUE">Esri</attrdefs><attrdomv><udom Sync="TRUE">Positive real numbers that are automatically generated.</udom></attrdomv></attr></detailed></eainfo><mdDateSt Sync="TRUE">20240321</mdDateSt></metadata>
